language,setCode,translation
Chinese Simplified,10E,
Chinese Traditional,10E,
French,10E,Dixième édition
German,10E,Zehnte Edition
Italian,10E,Decima Edizione
Japanese,10E,
Korean,10E,
Portuguese (Brazil),10E,
Russian,10E,
Spanish,10E,Décima Edición
Chinese Simplified,2X2,
Chinese Traditional,2X2,
French,2X2,Double Masters 2022
German,2X2,Double Masters 2022
Italian,2X2,Double Masters 2022
Japanese,2X2,
Korean,2X2,
Portuguese (Brazil),2X2,
Russian,2X2,
Spanish,2X2,Double Masters 2022
Chinese Simplified,2XM,
Chinese Traditional,2XM,
French,2XM,Double Masters
German,2XM,Double Masters
Italian,2XM,Double Masters
Japanese,2XM,
Korean,2XM,
Portuguese (Brazil),2XM,
Russian,2XM,
Spanish,2XM,Double Masters
Chinese Simplified,30A,
Chinese Traditional,30A,
French,30A,30th Anniversary Edition
German,30A,30th Anniversary Edition
Italian,30A,30th Anniversary Edition
Japanese,30A,
Korean,30A,
Portuguese (Brazil),30A,
Russian,30A,
Spanish,30A,30th Anniversary Edition
Chinese Simplified,4ED,
Chinese Traditional,4ED,
French,4ED,Quatrième Edition
German,4ED,Vierte Edition
Italian,4ED,Quarta Edizione
Japanese,4ED,
Korean,4ED,
Portuguese (Brazil),4ED,
Russian,4ED,
Spanish,4ED,Cuarta Edición
Chinese Simplified,5DN,
Chinese Traditional,5DN,
French,5DN,La Cinquième Aube
German,5DN,Fünfte Morgenröte
Italian,5DN,Quinta Alba
Japanese,5DN,
Korean,5DN,
Portuguese (Brazil),5DN,
Russian,5DN,
Spanish,5DN,Quinto Amanecer
Chinese Simplified,5ED,
Chinese Traditional,5ED,
French,5ED,Cinquième Edition
German,5ED,Fünfte Edition
Italian,5ED,Quinta Edizione
Japanese,5ED,
Korean,5ED,
Portuguese (Brazil),5ED,
Russian,5ED,
Spanish,5ED,Quinta Edición
Chinese Simplified,7ED,
Chinese Traditional,7ED,
French,7ED,Septième Edition
German,7ED,Siebte Edition
Italian,7ED,Settima Edizione
Japanese,7ED,
Korean,7ED,
Portuguese (Brazil),7ED,
Russian,7ED,
Spanish,7ED,Séptima Edición
Chinese Simplified,8ED,
Chinese Traditional,8ED,
French,8ED,Huitième Edition
German,8ED,Achte Edition
Italian,8ED,Ottava Edizione
Japanese,8ED,
Korean,8ED,
Portuguese (Brazil),8ED,
Russian,8ED,
Spanish,8ED,Octava Edición
Chinese Simplified,9ED,
Chinese Traditional,9ED,
French,9ED,Neuvième Edition
German,9ED,Neunte Edition
Italian,9ED,Nona Edizione
Japanese,9ED,
Korean,9ED,
Portuguese (Brazil),9ED,
Russian,9ED,
Spanish,9ED,Novena Edición
Chinese Simplified,A25,
Chinese Traditional,A25,
French,A25,Masters 25
German,A25,Masters 25
Italian,A25,Masters 25
Japanese,A25,
Korean,A25,
Portuguese (Brazil),A25,
Russian,A25,
Spanish,A25,Masters 25
Chinese Simplified,AER,
Chinese Traditional,AER,
French,AER,La révolte éthérique
German,AER,Äther-Rebellion
Italian,AER,Rivolta dell’Etere
Japanese,AER,
Korean,AER,
Portuguese (Brazil),AER,
Russian,AER,
Spanish,AER,La revuelta del éter
Chinese Simplified,AFR,
Chinese Traditional,AFR,
French,AFR,Forgotten Realms: Aventures dans les Royaumes Oubliés
German,AFR,Abenteuer in den Forgotten Realms
Italian,AFR,Avventure nei Forgotten Realms
Japanese,AFR,
Korean,AFR,
Portuguese (Brazil),AFR,
Russian,AFR,
Spanish,AFR,Aventuras en Forgotten Realms
Chinese Simplified,AKH,
Chinese Traditional,AKH,
French,AKH,Amonkhet
German,AKH,Amonkhet
Italian,AKH,Amonkhet
Japanese,AKH,
Korean,AKH,
Portuguese (Brazil),AKH,
Russian,AKH,
Spanish,AKH,Amonkhet
Chinese Simplified,ALA,
Chinese Traditional,ALA,
French,ALA,Les éclats d'Alara
German,ALA,Fragmente von Alara
Italian,ALA,Shards of Alara
Japanese,ALA,
Korean,ALA,
Portuguese (Brazil),ALA,
Russian,ALA,
Spanish,ALA,Shards of Alara
Chinese Simplified,ALL,
Chinese Traditional,ALL,
French,ALL,Alliances
German,ALL,Allianzen
Italian,ALL,Alleanze
Japanese,ALL,
Korean,ALL,
Portuguese (Brazil),ALL,
Russian,ALL,
Spanish,ALL,Alianzas
Chinese Simplified,APC,
Chinese Traditional,APC,
French,APC,Apocalypse
German,APC,Apokalypse
Italian,APC,Apocalisse
Japanese,APC,
Korean,APC,
Portuguese (Brazil),APC,
Russian,APC,
Spanish,APC,Apocalipsis
Chinese Simplified,ARB,
Chinese Traditional,ARB,
French,ARB,La Renaissance d'Alara
German,ARB,Alara: Die Erneuerung
Italian,ARB,Alara Reborn
Japanese,ARB,
Korean,ARB,
Portuguese (Brazil),ARB,
Russian,ARB,
Spanish,ARB,Alara Reborn
Chinese Simplified,ARN,
Chinese Traditional,ARN,
French,ARN,Arabian Nights
German,ARN,Arabian Nights
Italian,ARN,Arabian Nights
Japanese,ARN,
Korean,ARN,
Portuguese (Brazil),ARN,
Russian,ARN,
Spanish,ARN,Arabian Nights
Chinese Simplified,ATQ,
Chinese Traditional,ATQ,
French,ATQ,Antiquities
German,ATQ,Antiquities
Italian,ATQ,Antiquities
Japanese,ATQ,
Korean,ATQ,
Portuguese (Brazil),ATQ,
Russian,ATQ,
Spanish,ATQ,Antiquities
Chinese Simplified,AVR,
Chinese Traditional,AVR,
French,AVR,Avacyn ressuscitée
German,AVR,Avacyns Rückkehr
Italian,AVR,Avacyn Restored
Japanese,AVR,
Korean,AVR,
Portuguese (Brazil),AVR,
Russian,AVR,
Spanish,AVR,Avacyn Restored
Chinese Simplified,BBD,
Chinese Traditional,BBD,
French,BBD,Battlebond
German,BBD,Battlebond
Italian,BBD,Battlebond
Japanese,BBD,
Korean,BBD,
Portuguese (Brazil),BBD,
Russian,BBD,
Spanish,BBD,Battlebond
Chinese Simplified,BFZ,
Chinese Traditional,BFZ,
French,BFZ,La bataille de Zendikar
German,BFZ,Kampf um Zendikar
Italian,BFZ,Battaglia per Zendikar
Japanese,BFZ,
Korean,BFZ,
Portuguese (Brazil),BFZ,
Russian,BFZ,
Spanish,BFZ,La batalla por Zendikar
Chinese Simplified,BNG,
Chinese Traditional,BNG,
French,BNG,Créations divines
German,BNG,Born of the Gods
Italian,BNG,Born of the Gods
Japanese,BNG,
Korean,BNG,
Portuguese (Brazil),BNG,
Russian,BNG,
Spanish,BNG,Born of the Gods
Chinese Simplified,BOK,
Chinese Traditional,BOK,
French,BOK,Traîtres de Kamigawa
German,BOK,Verräter von Kamigawa
Italian,BOK,Traditori di Kamigawa
Japanese,BOK,
Korean,BOK,
Portuguese (Brazil),BOK,
Russian,BOK,
Spanish,BOK,Traidores de Kamigawa
Chinese Simplified,BRO,
Chinese Traditional,BRO,
French,BRO,La Guerre Fratricide
German,BRO,Krieg der Brüder
Italian,BRO,La Guerra dei Fratelli
Japanese,BRO,
Korean,BRO,
Portuguese (Brazil),BRO,
Russian,BRO,
Spanish,BRO,La Guerra de los Hermanos
Chinese Simplified,CHK,
Chinese Traditional,CHK,
French,CHK,Guerriers de Kamigawa
German,CHK,Meister von Kamigawa
Italian,CHK,Campioni di Kamigawa
Japanese,CHK,
Korean,CHK,
Portuguese (Brazil),CHK,
Russian,CHK,
Spanish,CHK,Campeones de Kamigawa
Chinese Simplified,CHR,
Chinese Traditional,CHR,
French,CHR,Chronicles
German,CHR,Chronicles
Italian,CHR,Chronicles
Japanese,CHR,
Korean,CHR,
Portuguese (Brazil),CHR,
Russian,CHR,
Spanish,CHR,Chronicles
Chinese Simplified,CLB,
Chinese Traditional,CLB,
French,CLB,Commander Légendes : la bataille de la Porte de Baldur
German,CLB,Commander Legends: Schlacht um Baldur’s Gate
Italian,CLB,Leggende di Commander: Battaglia per Baldur’s Gate
Japanese,CLB,
Korean,CLB,
Portuguese (Brazil),CLB,
Russian,CLB,
Spanish,CLB,Leyendas de Commander: Batalla por Puerta de Baldur
Chinese Simplified,CMM,
Chinese Traditional,CMM,
French,CMM,Commander Masters
German,CMM,Commander Masters
Italian,CMM,Commander Masters
Japanese,CMM,
Korean,CMM,
Portuguese (Brazil),CMM,
Russian,CMM,
Spanish,CMM,Commander Masters
Chinese Simplified,CMR,
Chinese Traditional,CMR,
French,CMR,Commander Legends
German,CMR,Commander Legends
Italian,CMR,Commander Legends
Japanese,CMR,
Korean,CMR,
Portuguese (Brazil),CMR,
Russian,CMR,
Spanish,CMR,Commander Legends
Chinese Simplified,CN2,
Chinese Traditional,CN2,
French,CN2,Conspiracy: Take the Crown
German,CN2,Conspiracy: Take the Crown
Italian,CN2,Conspiracy: Take the Crown
Japanese,CN2,
Korean,CN2,
Portuguese (Brazil),CN2,
Russian,CN2,
Spanish,CN2,Conspiracy: Take the Crown
Chinese Simplified,CNS,
Chinese Traditional,CNS,
French,CNS,Conspiration
German,CNS,Conspiracy
Italian,CNS,Conspiracy
Japanese,CNS,
Korean,CNS,
Portuguese (Brazil),CNS,
Russian,CNS,
Spanish,CNS,Conspiración
Chinese Simplified,CON,
Chinese Traditional,CON,
French,CON,Conflux
German,CON,Conflux
Italian,CON,Conflux
Japanese,CON,
Korean,CON,
Portuguese (Brazil),CON,
Russian,CON,
Spanish,CON,Conflux
Chinese Simplified,CSP,
Chinese Traditional,CSP,
French,CSP,Souffle glaciaire
German,CSP,Kälteeinbruch
Italian,CSP,Ondata Glaciale
Japanese,CSP,
Korean,CSP,
Portuguese (Brazil),CSP,
Russian,CSP,
Spanish,CSP,Ola de frío
Chinese Simplified,DBL,
Chinese Traditional,DBL,
French,DBL,Innistrad : Double Programme
German,DBL,Innistrad: Double Feature
Italian,DBL,Innistrad: Double Feature
Japanese,DBL,
Korean,DBL,
Portuguese (Brazil),DBL,
Russian,DBL,
Spanish,DBL,Innistrad: Double Feature
Chinese Simplified,DGM,
Chinese Traditional,DGM,
French,DGM,Le labyrinthe du dragon
German,DGM,Labyrinth des Drachen
Italian,DGM,Labirinto del Drago
Japanese,DGM,
Korean,DGM,
Portuguese (Brazil),DGM,
Russian,DGM,
Spanish,DGM,Laberinto del dragón
Chinese Simplified,DIS,
Chinese Traditional,DIS,
French,DIS,Discorde
German,DIS,Zwietracht
Italian,DIS,Discordia
Japanese,DIS,
Korean,DIS,
Portuguese (Brazil),DIS,
Russian,DIS,
Spanish,DIS,Discordia
Chinese Simplified,DKA,
Chinese Traditional,DKA,
French,DKA,Obscure Ascension
German,DKA,Dunkles Erwachen
Italian,DKA,Dark Ascension
Japanese,DKA,
Korean,DKA,
Portuguese (Brazil),DKA,
Russian,DKA,
Spanish,DKA,Dark Ascension
Chinese Simplified,DMR,
Chinese Traditional,DMR,
French,DMR,Dominaria Remastered
German,DMR,Dominaria Remastered
Italian,DMR,Dominaria Remastered
Japanese,DMR,
Korean,DMR,
Portuguese (Brazil),DMR,
Russian,DMR,
Spanish,DMR,Dominaria remasterizada
Chinese Simplified,DMU,
Chinese Traditional,DMU,
French,DMU,Dominaria Uni
German,DMU,Dominarias Bund
Italian,DMU,Dominaria Unita
Japanese,DMU,
Korean,DMU,
Portuguese (Brazil),DMU,
Russian,DMU,
Spanish,DMU,Dominaria Unida
Chinese Simplified,DOM,
Chinese Traditional,DOM,
French,DOM,Dominaria
German,DOM,Dominaria
Italian,DOM,Dominaria
Japanese,DOM,
Korean,DOM,
Portuguese (Brazil),DOM,
Russian,DOM,
Spanish,DOM,Dominaria
Chinese Simplified,DRK,
Chinese Traditional,DRK,
French,DRK,The Dark
German,DRK,The Dark
Italian,DRK,The Dark
Japanese,DRK,
Korean,DRK,
Portuguese (Brazil),DRK,
Russian,DRK,
Spanish,DRK,The Dark
Chinese Simplified,DST,
Chinese Traditional,DST,
French,DST,Sombracier
German,DST,Nachtstahl
Italian,DST,Darksteel
Japanese,DST,
Korean,DST,
Portuguese (Brazil),DST,
Russian,DST,
Spanish,DST,Darksteel
Chinese Simplified,DTK,
Chinese Traditional,DTK,
French,DTK,Les Dragons de Tarkir
German,DTK,Drachen von Tarkir
Italian,DTK,Draghi di Tarkir
Japanese,DTK,
Korean,DTK,
Portuguese (Brazil),DTK,
Russian,DTK,
Spanish,DTK,Dragones de Tarkir
Chinese Simplified,ELD,
Chinese Traditional,ELD,
French,ELD,Throne of Eldraine
German,ELD,Throne of Eldraine
Italian,ELD,Throne of Eldraine
Japanese,ELD,
Korean,ELD,
Portuguese (Brazil),ELD,
Russian,ELD,
Spanish,ELD,Throne of Eldraine
Chinese Simplified,EMA,
Chinese Traditional,EMA,
French,EMA,Eternal Masters
German,EMA,Eternal Masters
Italian,EMA,Eternal Masters
Japanese,EMA,
Korean,EMA,
Portuguese (Brazil),EMA,
Russian,EMA,
Spanish,EMA,Eternal Masters
Chinese Simplified,EMN,
Chinese Traditional,EMN,
French,EMN,La lune hermétique
German,EMN,Düstermond
Italian,EMN,Luna Spettrale
Japanese,EMN,
Korean,EMN,
Portuguese (Brazil),EMN,
Russian,EMN,
Spanish,EMN,Luna de horrores
Chinese Simplified,EVE,
Chinese Traditional,EVE,
French,EVE,Coucheciel
German,EVE,Abendkühle
Italian,EVE,Vespro
Japanese,EVE,
Korean,EVE,
Portuguese (Brazil),EVE,
Russian,EVE,
Spanish,EVE,Crepúsculo
Chinese Simplified,EXO,
Chinese Traditional,EXO,
French,EXO,Exode
German,EXO,Exodus
Italian,EXO,Esodo
Japanese,EXO,
Korean,EXO,
Portuguese (Brazil),EXO,
Russian,EXO,
Spanish,EXO,Éxodo
Chinese Simplified,FEM,
Chinese Traditional,FEM,
French,FEM,Fallen Empires
German,FEM,Fallen Empires
Italian,FEM,Fallen Empires
Japanese,FEM,
Korean,FEM,
Portuguese (Brazil),FEM,
Russian,FEM,
Spanish,FEM,Fallen Empires
Chinese Simplified,FRF,
Chinese Traditional,FRF,
French,FRF,Destin reforgé
German,FRF,Fate Reforged
Italian,FRF,Fate Reforged
Japanese,FRF,
Korean,FRF,
Portuguese (Brazil),FRF,
Russian,FRF,
Spanish,FRF,Fate Reforged
Chinese Simplified,FUT,
Chinese Traditional,FUT,
French,FUT,Vision de l'Avenir
German,FUT,Blick in die Zukunft
Italian,FUT,Visione Futura
Japanese,FUT,
Korean,FUT,
Portuguese (Brazil),FUT,
Russian,FUT,
Spanish,FUT,Visión del Futuro
Chinese Simplified,GPT,
Chinese Traditional,GPT,
French,GPT,Le Pacte des Guildes
German,GPT,Gildenbund
Italian,GPT,Il Patto delle Gilde
Japanese,GPT,
Korean,GPT,
Portuguese (Brazil),GPT,
Russian,GPT,
Spanish,GPT,El Pacto entre Gremios
Chinese Simplified,GRN,
Chinese Traditional,GRN,
French,GRN,Les Guildes de Ravnica
German,GRN,Gilden von Ravnica
Italian,GRN,Gilde di Ravnica
Japanese,GRN,
Korean,GRN,
Portuguese (Brazil),GRN,
Russian,GRN,
Spanish,GRN,Gremios de Rávnica
Chinese Simplified,GTC,
Chinese Traditional,GTC,
French,GTC,Insurrection
German,GTC,Gildensturm
Italian,GTC,Gatecrash
Japanese,GTC,
Korean,GTC,
Portuguese (Brazil),GTC,
Russian,GTC,
Spanish,GTC,Gatecrash
Chinese Simplified,HML,
Chinese Traditional,HML,
French,HML,Terres Natales
German,HML,Heimatländer
Italian,HML,Origini
Japanese,HML,
Korean,HML,
Portuguese (Brazil),HML,
Russian,HML,
Spanish,HML,Tierras Natales
Chinese Simplified,HOU,
Chinese Traditional,HOU,
French,HOU,L’âge de la destruction
German,HOU,Stunde der Vernichtung
Italian,HOU,L’Era della Rovina
Japanese,HOU,
Korean,HOU,
Portuguese (Brazil),HOU,
Russian,HOU,
Spanish,HOU,La hora de la devastación
Chinese Simplified,ICE,
Chinese Traditional,ICE,
French,ICE,Ere Glaciaire
German,ICE,Eiszeit
Italian,ICE,Era Glaciale
Japanese,ICE,
Korean,ICE,
Portuguese (Brazil),ICE,
Russian,ICE,
Spanish,ICE,Era Glacial
Chinese Simplified,IKO,
Chinese Traditional,IKO,
French,IKO,Ikoria: Lair of Behemoths
German,IKO,Ikoria: Lair of Behemoths
Italian,IKO,Ikoria: Lair of Behemoths
Japanese,IKO,
Korean,IKO,
Portuguese (Brazil),IKO,
Russian,IKO,
Spanish,IKO,Ikoria: Lair of Behemoths
Chinese Simplified,IMA,
Chinese Traditional,IMA,
French,IMA,Iconic Masters
German,IMA,Iconic Masters
Italian,IMA,Iconic Masters
Japanese,IMA,
Korean,IMA,
Portuguese (Brazil),IMA,
Russian,IMA,
Spanish,IMA,Iconic Masters
Chinese Simplified,INV,
Chinese Traditional,INV,
French,INV,Invasion
German,INV,Invasion
Italian,INV,Invasione
Japanese,INV,
Korean,INV,
Portuguese (Brazil),INV,
Russian,INV,
Spanish,INV,Invasión
Chinese Simplified,ISD,
Chinese Traditional,ISD,
French,ISD,Innistrad
German,ISD,Innistrad
Italian,ISD,Innistrad
Japanese,ISD,
Korean,ISD,
Portuguese (Brazil),ISD,
Russian,ISD,
Spanish,ISD,Innistrad
Chinese Simplified,J22,
Chinese Traditional,J22,
French,J22,Jumpstart 2022
German,J22,Jumpstart 2022
Italian,J22,Jumpstart 2022
Japanese,J22,
Korean,J22,
Portuguese (Brazil),J22,
Russian,J22,
Spanish,J22,Jumpstart 2022
Chinese Simplified,JMP,
Chinese Traditional,JMP,
French,JMP,Jumpstart
German,JMP,Jumpstart
Italian,JMP,Jumpstart
Japanese,JMP,
Korean,JMP,
Portuguese (Brazil),JMP,
Russian,JMP,
Spanish,JMP,Jumpstart
Chinese Simplified,JOU,
Chinese Traditional,JOU,
French,JOU,Incursion dans Nyx
German,JOU,Reise nach Nyx
Italian,JOU,Viaggio verso Nyx
Japanese,JOU,
Korean,JOU,
Portuguese (Brazil),JOU,
Russian,JOU,
Spanish,JOU,Travesía de Nyx
Chinese Simplified,JUD,
Chinese Traditional,JUD,
French,JUD,Jugement
German,JUD,Abrechnung
Italian,JUD,Sentenza
Japanese,JUD,
Korean,JUD,
Portuguese (Brazil),JUD,
Russian,JUD,
Spanish,JUD,Juicio
Chinese Simplified,KHM,
Chinese Traditional,KHM,
French,KHM,Kaldheim
German,KHM,Kaldheim
Italian,KHM,Kaldheim
Japanese,KHM,
Korean,KHM,
Portuguese (Brazil),KHM,
Russian,KHM,
Spanish,KHM,Kaldheim
Chinese Simplified,KLD,
Chinese Traditional,KLD,
French,KLD,Kaladesh
German,KLD,Kaladesh
Italian,KLD,Kaladesh
Japanese,KLD,
Korean,KLD,
Portuguese (Brazil),KLD,
Russian,KLD,
Spanish,KLD,Kaladesh
Chinese Simplified,KTK,
Chinese Traditional,KTK,
French,KTK,Les Khans de Tarkir
German,KTK,Khans of Tarkir
Italian,KTK,Khans of Tarkir
Japanese,KTK,
Korean,KTK,
Portuguese (Brazil),KTK,
Russian,KTK,
Spanish,KTK,Khans of Tarkir
Chinese Simplified,LEG,
Chinese Traditional,LEG,
French,LEG,Legends
German,LEG,Legends
Italian,LEG,Legends
Japanese,LEG,
Korean,LEG,
Portuguese (Brazil),LEG,
Russian,LEG,
Spanish,LEG,Legends
Chinese Simplified,LGN,
Chinese Traditional,LGN,
French,LGN,Légions
German,LGN,Legionen
Italian,LGN,Legioni
Japanese,LGN,
Korean,LGN,
Portuguese (Brazil),LGN,
Russian,LGN,
Spanish,LGN,Legiones
Chinese Simplified,LRW,
Chinese Traditional,LRW,
French,LRW,Lorwyn
German,LRW,Lorwyn
Italian,LRW,Lorwyn
Japanese,LRW,
Korean,LRW,
Portuguese (Brazil),LRW,
Russian,LRW,
Spanish,LRW,Lorwyn
Chinese Simplified,LTR,
Chinese Traditional,LTR,
French,LTR,Le Seigneur des Anneaux : chroniques de la Terre du Milieu
German,LTR,Der Herr der Ringe: Geschichten aus Mittelerde
Italian,LTR,Il Signore degli Anelli: Racconti della Terra di Mezzo
Japanese,LTR,
Korean,LTR,
Portuguese (Brazil),LTR,
Russian,LTR,
Spanish,LTR,El Señor de los Anillos: relatos de la Tierra Media
Chinese Simplified,M10,
Chinese Traditional,M10,
French,M10,Magic 2010
German,M10,Magic 2010
Italian,M10,Magic 2010
Japanese,M10,
Korean,M10,
Portuguese (Brazil),M10,
Russian,M10,
Spanish,M10,Magic 2010
Chinese Simplified,M11,
Chinese Traditional,M11,
French,M11,Magic 2011
German,M11,Magic 2011
Italian,M11,Magic 2011
Japanese,M11,
Korean,M11,
Portuguese (Brazil),M11,
Russian,M11,
Spanish,M11,Magic 2011
Chinese Simplified,M12,
Chinese Traditional,M12,
French,M12,Magic 2012
German,M12,Magic 2012
Italian,M12,Magic 2012
Japanese,M12,
Korean,M12,
Portuguese (Brazil),M12,
Russian,M12,
Spanish,M12,Magic 2012
Chinese Simplified,M13,
Chinese Traditional,M13,
French,M13,Magic 2013
German,M13,Magic 2013
Italian,M13,Magic 2013
Japanese,M13,
Korean,M13,
Portuguese (Brazil),M13,
Russian,M13,
Spanish,M13,Magic 2013
Chinese Simplified,M14,
Chinese Traditional,M14,
French,M14,Magic 2014
German,M14,Magic 2014
Italian,M14,Magic 2014
Japanese,M14,
Korean,M14,
Portuguese (Brazil),M14,
Russian,M14,
Spanish,M14,Magic 2014
Chinese Simplified,M15,
Chinese Traditional,M15,
French,M15,Magic 2015
German,M15,Magic 2015
Italian,M15,Magic 2015
Japanese,M15,
Korean,M15,
Portuguese (Brazil),M15,
Russian,M15,
Spanish,M15,Magic 2015
Chinese Simplified,MAT,
Chinese Traditional,MAT,
French,MAT,L'invasion des machines : le jour d'après
German,MAT,Marsch der Maschine: Der Nachhall
Italian,MAT,Marcia delle Macchine: Le conseguenze
Japanese,MAT,
Korean,MAT,
Portuguese (Brazil),MAT,
Russian,MAT,
Spanish,MAT,Marcha de las máquinas: las secuelas
Chinese Simplified,MB1,
Chinese Traditional,MB1,
French,MB1,Mystery Booster
German,MB1,Mystery Booster
Italian,MB1,Mystery Booster
Japanese,MB1,
Korean,MB1,
Portuguese (Brazil),MB1,
Russian,MB1,
Spanish,MB1,Mystery Booster
Chinese Simplified,MBS,
Chinese Traditional,MBS,
French,MBS,Mirrodin assiégé
German,MBS,Mirrodins Belagerung
Italian,MBS,Mirrodin Assediato
Japanese,MBS,
Korean,MBS,
Portuguese (Brazil),MBS,
Russian,MBS,
Spanish,MBS,Mirrodin sitiado
Chinese Simplified,MH1,
Chinese Traditional,MH1,
French,MH1,Horizons du Modern
German,MH1,Modern: Horizonte
Italian,MH1,Orizzonti di Modern
Japanese,MH1,
Korean,MH1,
Portuguese (Brazil),MH1,
Russian,MH1,
Spanish,MH1,Horizontes de Modern
Chinese Simplified,MH2,
Chinese Traditional,MH2,
French,MH2,Horizons du Modern 2
German,MH2,Modern: Horizonte 2
Italian,MH2,Orizzonti di Modern 2
Japanese,MH2,
Korean,MH2,
Portuguese (Brazil),MH2,
Russian,MH2,
Spanish,MH2,Horizontes de Modern 2
Chinese Simplified,MID,
Chinese Traditional,MID,
French,MID,Innistrad : chasse de minuit
German,MID,Innistrad: Mitternachtsjagd
Italian,MID,Innistrad: Caccia di Mezzanotte
Japanese,MID,
Korean,MID,
Portuguese (Brazil),MID,
Russian,MID,
Spanish,MID,Innistrad: Cacería de medianoche
Chinese Simplified,MIR,
Chinese Traditional,MIR,
French,MIR,Mirage
German,MIR,Trugbilder
Italian,MIR,Mirage
Japanese,MIR,
Korean,MIR,
Portuguese (Brazil),MIR,
Russian,MIR,
Spanish,MIR,Espejismo
Chinese Simplified,MM2,
Chinese Traditional,MM2,
French,MM2,Modern Masters 2015
German,MM2,Modern Masters 2015
Italian,MM2,Modern Masters 2015
Japanese,MM2,
Korean,MM2,
Portuguese (Brazil),MM2,
Russian,MM2,
Spanish,MM2,Modern Masters 2015
Chinese Simplified,MM3,
Chinese Traditional,MM3,
French,MM3,Modern Masters 2017
German,MM3,Modern Masters 2017
Italian,MM3,Modern Masters 2017
Japanese,MM3,
Korean,MM3,
Portuguese (Brazil),MM3,
Russian,MM3,
Spanish,MM3,Modern Masters 2017
Chinese Simplified,MMA,
Chinese Traditional,MMA,
French,MMA,Modern Masters
German,MMA,Modern Masters
Italian,MMA,Modern Masters
Japanese,MMA,
Korean,MMA,
Portuguese (Brazil),MMA,
Russian,MMA,
Spanish,MMA,Modern Masters
Chinese Simplified,MMQ,
Chinese Traditional,MMQ,
French,MMQ,Masques de Mercadia
German,MMQ,Merkadische Masken
Italian,MMQ,Maschere di Mercadia
Japanese,MMQ,
Korean,MMQ,
Portuguese (Brazil),MMQ,
Russian,MMQ,
Spanish,MMQ,Máscaras de Mercadia
Chinese Simplified,MOM,
Chinese Traditional,MOM,
French,MOM,L'invasion des machines
German,MOM,Marsch der Maschine
Italian,MOM,L’Avanzata delle Macchine
Japanese,MOM,
Korean,MOM,
Portuguese (Brazil),MOM,
Russian,MOM,
Spanish,MOM,Marcha de las máquinas
Chinese Simplified,MOR,
Chinese Traditional,MOR,
French,MOR,Leveciel
German,MOR,Morgenluft
Italian,MOR,Aurora
Japanese,MOR,
Korean,MOR,
Portuguese (Brazil),MOR,
Russian,MOR,
Spanish,MOR,Alborada
Chinese Simplified,MRD,
Chinese Traditional,MRD,
French,MRD,Mirrodin
German,MRD,Mirrodin
Italian,MRD,Mirrodin
Japanese,MRD,
Korean,MRD,
Portuguese (Brazil),MRD,
Russian,MRD,
Spanish,MRD,Mirrodin
Chinese Simplified,NEM,
Chinese Traditional,NEM,
French,NEM,Némésis
German,NEM,Nemesis
Italian,NEM,Nemesis
Japanese,NEM,
Korean,NEM,
Portuguese (Brazil),NEM,
Russian,NEM,
Spanish,NEM,Némesis
Chinese Simplified,NEO,
Chinese Traditional,NEO,
French,NEO,Kamigawa: La Dynastie Néon
German,NEO,Kamigawa: Neon-Dynastie
Italian,NEO,Kamigawa: Dinastia Neon
Japanese,NEO,
Korean,NEO,
Portuguese (Brazil),NEO,
Russian,NEO,
Spanish,NEO,Kamigawa: Dinastía de neón
Chinese Simplified,NPH,
Chinese Traditional,NPH,
French,NPH,La Nouvelle Phyrexia
German,NPH,Das neue Phyrexia
Italian,NPH,Nuova Phyrexia
Japanese,NPH,
Korean,NPH,
Portuguese (Brazil),NPH,
Russian,NPH,
Spanish,NPH,Nueva Phyrexia
Chinese Simplified,ODY,
Chinese Traditional,ODY,
French,ODY,Odyssée
German,ODY,Odyssee
Italian,ODY,Odissea
Japanese,ODY,
Korean,ODY,
Portuguese (Brazil),ODY,
Russian,ODY,
Spanish,ODY,Odisea
Chinese Simplified,OGW,
Chinese Traditional,OGW,
French,OGW,Le serment des Sentinelles
German,OGW,Eid der Wächter
Italian,OGW,Oath of the Gatewatch
Japanese,OGW,
Korean,OGW,
Portuguese (Brazil),OGW,
Russian,OGW,
Spanish,OGW,El Juramento de los Guardianes
Chinese Simplified,ONE,
Chinese Traditional,ONE,
French,ONE,Tous Phyrexians
German,ONE,Phyrexia: Alles wird eins
Italian,ONE,Phyrexia: Tutto Diverrà Uno
Japanese,ONE,
Korean,ONE,
Portuguese (Brazil),ONE,
Russian,ONE,
Spanish,ONE,Pirexia: Todos serán uno
Chinese Simplified,ONS,
Chinese Traditional,ONS,
French,ONS,Carnage
German,ONS,Aufmarsch
Italian,ONS,Assalto
Japanese,ONS,
Korean,ONS,
Portuguese (Brazil),ONS,
Russian,ONS,
Spanish,ONS,Embestida
Chinese Simplified,ORI,
Chinese Traditional,ORI,
French,ORI,Magic Origines
German,ORI,Magic Ursprünge
Italian,ORI,Magic Origins
Japanese,ORI,
Korean,ORI,
Portuguese (Brazil),ORI,
Russian,ORI,
Spanish,ORI,Magic Orígenes
Chinese Simplified,P02,
Chinese Traditional,P02,
French,P02,Portal Second Age
German,P02,Portal Zweites Zeitalter
Italian,P02,Portal Seconda Era
Japanese,P02,
Korean,P02,
Portuguese (Brazil),P02,
Russian,P02,
Spanish,P02,Portal Segunda Edad
Chinese Simplified,PCY,
Chinese Traditional,PCY,
French,PCY,Prophétie
German,PCY,Prophezeihung
Italian,PCY,Profezia
Japanese,PCY,
Korean,PCY,
Portuguese (Brazil),PCY,
Russian,PCY,
Spanish,PCY,Profecía
Chinese Simplified,PLC,
Chinese Traditional,PLC,
French,PLC,Chaos planaire
German,PLC,Weltenchaos
Italian,PLC,Caos Dimensionale
Japanese,PLC,
Korean,PLC,
Portuguese (Brazil),PLC,
Russian,PLC,
Spanish,PLC,Caos planar
Chinese Simplified,PLS,
Chinese Traditional,PLS,
French,PLS,Planeshift
German,PLS,Weltenwechsel
Italian,PLS,Congiunzione
Japanese,PLS,
Korean,PLS,
Portuguese (Brazil),PLS,
Russian,PLS,
Spanish,PLS,Transmigración
Chinese Simplified,POR,
Chinese Traditional,POR,
French,POR,Portal
German,POR,Portal
Italian,POR,Portal
Japanese,POR,
Korean,POR,
Portuguese (Brazil),POR,
Russian,POR,
Spanish,POR,Portal
Chinese Simplified,PTK,
Chinese Traditional,PTK,
French,PTK,Portal Three Kingdoms
German,PTK,Portal Three Kingdoms
Italian,PTK,Portal Three Kingdoms
Japanese,PTK,
Korean,PTK,
Portuguese (Brazil),PTK,
Russian,PTK,
Spanish,PTK,Portal Three Kingdoms
Chinese Simplified,RAV,
Chinese Traditional,RAV,
French,RAV,Ravnica: La Cité des Guildes
German,RAV,Ravnica: Stadt der Gilden
Italian,RAV,Ravnica: Città delle Gilde
Japanese,RAV,
Korean,RAV,
Portuguese (Brazil),RAV,
Russian,RAV,
Spanish,RAV,Rávnica: Ciudad de Gremios
Chinese Simplified,REN,
Chinese Traditional,REN,
French,REN,Renaissance
German,REN,Renaissance
Italian,REN,Renaissance
Japanese,REN,
Korean,REN,
Portuguese (Brazil),REN,
Russian,REN,
Spanish,REN,Renaissance
Chinese Simplified,RIN,
Chinese Traditional,RIN,
French,RIN,Rinascimento
German,RIN,Rinascimento
Italian,RIN,Rinascimento
Japanese,RIN,
Korean,RIN,
Portuguese (Brazil),RIN,
Russian,RIN,
Spanish,RIN,Rinascimento
Chinese Simplified,RIX,
Chinese Traditional,RIX,
French,RIX,Les combattants d'Ixalan
German,RIX,Rivalen von Ixalan
Italian,RIX,Rivali di Ixalan
Japanese,RIX,
Korean,RIX,
Portuguese (Brazil),RIX,
Russian,RIX,
Spanish,RIX,Rivales de Ixalan
Chinese Simplified,RNA,
Chinese Traditional,RNA,
French,RNA,L'allégeance de Ravnica
German,RNA,Ravnica Allegiance
Italian,RNA,Ravnica Allegiance
Japanese,RNA,
Korean,RNA,
Portuguese (Brazil),RNA,
Russian,RNA,
Spanish,RNA,La lealtad de Ravnica
Chinese Simplified,ROE,
Chinese Traditional,ROE,
French,ROE,L'ascension des Eldrazi
German,ROE,Aufstieg der Eldrazi
Italian,ROE,Ascesa degli Eldrazi
Japanese,ROE,
Korean,ROE,
Portuguese (Brazil),ROE,
Russian,ROE,
Spanish,ROE,Levantamiento de los Eldrazi
Chinese Simplified,RTR,
Chinese Traditional,RTR,
French,RTR,Retour à Ravnica
German,RTR,Return to Ravnica
Italian,RTR,Return to Ravnica
Japanese,RTR,
Korean,RTR,
Portuguese (Brazil),RTR,
Russian,RTR,
Spanish,RTR,Vuelta a Ravnica
Chinese Simplified,S99,
Chinese Traditional,S99,
French,S99,Starter 1999
German,S99,Starter 1999
Italian,S99,Starter 1999
Japanese,S99,
Korean,S99,
Portuguese (Brazil),S99,
Russian,S99,
Spanish,S99,Starter 1999
Chinese Simplified,SCG,
Chinese Traditional,SCG,
French,SCG,Fléau
German,SCG,Plagen
Italian,SCG,Flagello
Japanese,SCG,
Korean,SCG,
Portuguese (Brazil),SCG,
Russian,SCG,
Spanish,SCG,Azote
Chinese Simplified,SHM,
Chinese Traditional,SHM,
French,SHM,Sombrelande
German,SHM,Schattenmoor
Italian,SHM,Landa Tenebrosa
Japanese,SHM,
Korean,SHM,
Portuguese (Brazil),SHM,
Russian,SHM,
Spanish,SHM,Páramo Sombrío
Chinese Simplified,SNC,
Chinese Traditional,SNC,
French,SNC,Les rues de la Nouvelle-Capenna
German,SNC,Straßen von Neu-Capenna
Italian,SNC,Strade di Nuova Capenna
Japanese,SNC,
Korean,SNC,
Portuguese (Brazil),SNC,
Russian,SNC,
Spanish,SNC,Calles de Nueva Capenna
Chinese Simplified,SOI,
Chinese Traditional,SOI,
French,SOI,Ténèbres sur Innistrad
German,SOI,Schatten über Innistrad
Italian,SOI,Ombre su Innistrad
Japanese,SOI,
Korean,SOI,
Portuguese (Brazil),SOI,
Russian,SOI,
Spanish,SOI,Sombras sobre Innistrad
Chinese Simplified,SOK,
Chinese Traditional,SOK,
French,SOK,Libérateurs de Kamigawa
German,SOK,Retter von Kamigawa
Italian,SOK,Liberatori di Kamigawa
Japanese,SOK,
Korean,SOK,
Portuguese (Brazil),SOK,
Russian,SOK,
Spanish,SOK,Salvadores de Kamigawa
Chinese Simplified,SOM,
Chinese Traditional,SOM,
French,SOM,Cicatrices de Mirrodin
German,SOM,Narben von Mirrodin
Italian,SOM,Cicatrici di Mirrodin
Japanese,SOM,
Korean,SOM,
Portuguese (Brazil),SOM,
Russian,SOM,
Spanish,SOM,Cicatrices de Mirrodin
Chinese Simplified,STH,
Chinese Traditional,STH,
French,STH,Forteresse
German,STH,Felsenburg
Italian,STH,Fortezza
Japanese,STH,
Korean,STH,
Portuguese (Brazil),STH,
Russian,STH,
Spanish,STH,Fortaleza
Chinese Simplified,STX,
Chinese Traditional,STX,
French,STX,Strixhaven: l'Académie des Mages
German,STX,Strixhaven: Akademie der Magier
Italian,STX,Strixhaven: Scuola dei Maghi
Japanese,STX,
Korean,STX,
Portuguese (Brazil),STX,
Russian,STX,
Spanish,STX,Strixhaven: Academia de Magos
Chinese Simplified,THB,
Chinese Traditional,THB,
French,THB,Theros Beyond Death
German,THB,Theros Beyond Death
Italian,THB,Theros Beyond Death
Japanese,THB,
Korean,THB,
Portuguese (Brazil),THB,
Russian,THB,
Spanish,THB,Theros Beyond Death
Chinese Simplified,THS,
Chinese Traditional,THS,
French,THS,Theros
German,THS,Theros
Italian,THS,Theros
Japanese,THS,
Korean,THS,
Portuguese (Brazil),THS,
Russian,THS,
Spanish,THS,Theros
Chinese Simplified,TMP,
Chinese Traditional,TMP,
French,TMP,Tempête
German,TMP,Sturmwind
Italian,TMP,Tempesta
Japanese,TMP,
Korean,TMP,
Portuguese (Brazil),TMP,
Russian,TMP,
Spanish,TMP,Tempestad
Chinese Simplified,TOR,
Chinese Traditional,TOR,
French,TOR,Tourment
German,TOR,Qualen
Italian,TOR,Tormento
Japanese,TOR,
Korean,TOR,
Portuguese (Brazil),TOR,
Russian,TOR,
Spanish,TOR,Tormento
Chinese Simplified,TSP,
Chinese Traditional,TSP,
French,TSP,Spirale Temporelle
German,TSP,Zeitspirale
Italian,TSP,Spirale Temporale
Japanese,TSP,
Korean,TSP,
Portuguese (Brazil),TSP,
Russian,TSP,
Spanish,TSP,Espiral del Tiempo
Chinese Simplified,TSR,
Chinese Traditional,TSR,
French,TSR,Spirale Temporelle Remastered
German,TSR,Zeitspirale Remastered
Italian,TSR,Spirale Temporale Remastered
Japanese,TSR,
Korean,TSR,
Portuguese (Brazil),TSR,
Russian,TSR,
Spanish,TSR,Espiral del tiempo Remasterizada
Chinese Simplified,UDS,
Chinese Traditional,UDS,
French,UDS,Destinée d'Urza
German,UDS,Urzas Schicksal
Italian,UDS,Destino di Urza
Japanese,UDS,
Korean,UDS,
Portuguese (Brazil),UDS,
Russian,UDS,
Spanish,UDS,El Destino de Urza
Chinese Simplified,UGL,
Chinese Traditional,UGL,
French,UGL,Unglued
German,UGL,Unglued
Italian,UGL,Unglued
Japanese,UGL,
Korean,UGL,
Portuguese (Brazil),UGL,
Russian,UGL,
Spanish,UGL,Unglued
Chinese Simplified,ULG,
Chinese Traditional,ULG,
French,ULG,Héritage d'Urza
German,ULG,Urzas Vermächtnis
Italian,ULG,Eredità di Urza
Japanese,ULG,
Korean,ULG,
Portuguese (Brazil),ULG,
Russian,ULG,
Spanish,ULG,El Legado de Urza
Chinese Simplified,UMA,
Chinese Traditional,UMA,
French,UMA,Ultimate Masters
German,UMA,Ultimate Masters
Italian,UMA,Ultimate Masters
Japanese,UMA,
Korean,UMA,
Portuguese (Brazil),UMA,
Russian,UMA,
Spanish,UMA,Ultimate Masters
Chinese Simplified,UNF,
Chinese Traditional,UNF,
French,UNF,Unfinity
German,UNF,Unfinity
Italian,UNF,Unfinity
Japanese,UNF,
Korean,UNF,
Portuguese (Brazil),UNF,
Russian,UNF,
Spanish,UNF,Unfinity
Chinese Simplified,UNH,
Chinese Traditional,UNH,
French,UNH,Unhinged
German,UNH,Unhinged
Italian,UNH,Unhinged
Japanese,UNH,
Korean,UNH,
Portuguese (Brazil),UNH,
Russian,UNH,
Spanish,UNH,Unhinged
Chinese Simplified,USG,
Chinese Traditional,USG,
French,USG,Epopée d'Urza
German,USG,Urzas Saga
Italian,USG,Saga di Urza
Japanese,USG,
Korean,USG,
Portuguese (Brazil),USG,
Russian,USG,
Spanish,USG,La Saga de Urza
Chinese Simplified,UST,
Chinese Traditional,UST,
French,UST,Unstable
German,UST,Unstable
Italian,UST,Unstable
Japanese,UST,
Korean,UST,
Portuguese (Brazil),UST,
Russian,UST,
Spanish,UST,Unstable
Chinese Simplified,VIS,
Chinese Traditional,VIS,
French,VIS,Visions
German,VIS,Visionen
Italian,VIS,Visioni
Japanese,VIS,
Korean,VIS,
Portuguese (Brazil),VIS,
Russian,VIS,
Spanish,VIS,Visiones
Chinese Simplified,VOW,
Chinese Traditional,VOW,
French,VOW,Innistrad : noce écarlate
German,VOW,Innistrad: Blutroter Bund
Italian,VOW,Innistrad: Promessa Cremisi
Japanese,VOW,
Korean,VOW,
Portuguese (Brazil),VOW,
Russian,VOW,
Spanish,VOW,Innistrad: Compromiso escarlata
Chinese Simplified,WAR,
Chinese Traditional,WAR,
French,WAR,La guerre des Planeswalkers
German,WAR,Krieg der Funken
Italian,WAR,La Guerra della Scintilla
Japanese,WAR,
Korean,WAR,
Portuguese (Brazil),WAR,
Russian,WAR,
Spanish,WAR,La Guerra de la Chispa
Chinese Simplified,WTH,
Chinese Traditional,WTH,
French,WTH,Aquilon
German,WTH,Wetterlicht
Italian,WTH,Cavalcavento
Japanese,WTH,
Korean,WTH,
Portuguese (Brazil),WTH,
Russian,WTH,
Spanish,WTH,El Vientoligero
Chinese Simplified,WWK,
Chinese Traditional,WWK,
French,WWK,Worldwake
German,WWK,Weltenerwachen
Italian,WWK,Worldwake
Japanese,WWK,
Korean,WWK,
Portuguese (Brazil),WWK,
Russian,WWK,
Spanish,WWK,Despertar del Mundo
Chinese Simplified,XLN,
Chinese Traditional,XLN,
French,XLN,Ixalan
German,XLN,Ixalan
Italian,XLN,Ixalan
Japanese,XLN,
Korean,XLN,
Portuguese (Brazil),XLN,
Russian,XLN,
Spanish,XLN,Ixalan
Chinese Simplified,ZEN,
Chinese Traditional,ZEN,
French,ZEN,Zendikar
German,ZEN,Zendikar
Italian,ZEN,Zendikar
Japanese,ZEN,
Korean,ZEN,
Portuguese (Brazil),ZEN,
Russian,ZEN,
Spanish,ZEN,Zendikar
Chinese Simplified,ZNR,
Chinese Traditional,ZNR,
French,ZNR,Renaissance de Zendikar
German,ZNR,Zendikars Erneuerung
Italian,ZNR,Rinascita di Zendikar
Japanese,ZNR,
Korean,ZNR,
Portuguese (Brazil),ZNR,
Russian,ZNR,
Spanish,ZNR,El resurgir de Zendikar
